{
  "bias": 9.913135608726148e-18,
  "weights": {
    "length": 0.2671243854008225,
    "evalCount": 0.2671243854008225,
    "obfuscationRate": 0.2671243854008225,
    "urlCount": 0.2671243854008225,
    "base64": 0.2671243854008225,
    "crypto": 0.2671243854008225,
    "iframe": 0.2671243854008225,
    "htmlInjection": 0.0
  },
  "scaler_mean": [
    4250.0,
    10.5,
    52.5,
    2.5,
    0.5,
    0.5,
    0.5,
    1.0
  ],
  "scaler_scale": [
    3750.0,
    9.5,
    47.5,
    2.5,
    0.5,
    0.5,
    0.5,
    1.0
  ]
}